,上城,下城,江干,拱墅,西湖,滨江,之江,下沙,大江东,萧山,余杭,富阳,桐庐,建德,淳安,临安,合计
2016-01-01,1828,9489,24994,14648,7139,10031,6810,8393,3933,25481,54367,9848,10034,5918,7366,10524,210803
2016-01-02,1830,9485,24981,14634,7124,10007,6801,8377,3929,25427,54273,9845,10025,5912,7363,10504,210517
2016-01-03,1827,9480,24953,14606,7106,9967,6787,8371,3925,25340,54193,9841,10020,5908,7362,10493,210179
2016-01-04,1826,9464,24904,14588,7099,10059,6777,8372,3919,25306,54108,9833,10009,5901,7356,10483,210004
2016-01-05,1826,9550,24857,14564,7093,9991,6745,8354,3906,25256,54026,9849,9990,5896,7349,10480,209732
2016-01-06,1824,9647,24825,14544,7085,9957,6724,8328,3900,25174,53878,9836,9979,5885,7348,10474,209408
2016-01-07,1821,9645,24800,14538,7031,9803,6719,8309,3896,25104,53788,9814,9966,5969,7344,10469,209016
2016-01-08,1819,9615,24746,14522,7038,9769,6707,8288,3894,24955,53451,9804,9954,5961,7332,10429,208284
2016-01-09,1818,9611,24739,14491,7057,9703,6687,8257,3886,24867,53339,9791,9944,5950,7325,10423,207888
2016-01-10,1817,9603,24697,14472,7044,9669,6676,8231,3879,24812,53246,9775,9937,5937,7320,10418,207533
2016-01-11,1814,9595,24938,14461,7029,9654,6674,8249,4286,24917,53139,9769,9977,5932,7318,10411,208163
2016-01-12,1229,9569,24839,14486,7017,9645,6658,8209,4279,24853,54301,9754,9960,5925,7315,10403,208442
2016-01-13,1223,9555,24821,14449,7010,9705,6649,8188,4277,24924,53610,9737,9948,5994,7310,10389,207789
2016-01-14,1226,9540,24786,14450,6986,9684,6641,8162,4268,25209,53761,9722,9928,5991,7307,10392,208053
2016-01-15,1222,9532,24740,14432,7067,9650,6619,8114,4389,25160,54079,9900,9923,5982,7394,10430,208633
2016-01-16,1220,9525,24585,14403,7053,9612,6608,8093,4381,25110,53986,9893,9914,5978,7388,10425,208174
2016-01-17,1217,9522,24547,14392,7040,9577,6605,8083,4376,25078,53903,9886,9913,5975,7380,10422,207916
2016-01-18,1213,9496,24524,14376,7030,9596,6594,8070,4384,25169,53744,9872,9883,5969,7365,10406,207691
2016-01-19,1210,9478,24483,14367,7021,9851,6588,8046,4376,25136,53661,9855,9838,5958,7356,10407,207631
2016-01-20,1206,9465,24434,14341,7009,9824,6573,8029,4372,25102,53545,9839,9828,5955,7353,10437,207312
2016-01-21,1205,9459,24390,14323,7001,9793,6620,8866,4368,25060,53454,9915,9817,5952,7346,10428,207997
2016-01-22,1206,9455,24575,14325,6980,9778,6600,8860,4360,25030,53703,9897,9813,6203,7346,10420,208551
2016-01-23,1205,9451,24536,14332,6975,9779,6569,8856,4355,24969,53622,9874,9811,6695,7342,10414,208785
2016-01-24,1202,9449,24503,14316,6980,9785,6547,8854,4349,24917,53543,9862,9809,6692,7339,10409,208556
2016-01-25,1188,9435,24498,14297,6969,9759,6540,8852,4352,24850,53667,9854,9799,6679,7339,10402,208480
2016-01-26,1247,9565,24450,14526,6948,9740,6532,8839,4398,24781,53509,9812,9788,6668,7533,10441,208777
2016-01-27,1247,9622,24701,14503,6946,9729,6518,8829,4393,24735,53308,9790,9778,6634,7529,10420,208682
2016-01-28,1242,9583,24650,14525,6915,9700,6493,8815,4385,24659,53158,9781,9779,6627,7524,10394,208230
2016-01-29,1242,9562,24892,15458,6895,9697,6478,8812,4369,24631,53932,9759,9765,6554,7508,10394,209948
2016-01-30,1242,9557,24823,15408,6874,9667,6464,8804,4351,24525,53760,9737,9757,6547,7504,10381,209401
2016-01-31,1234,9551,24894,15375,6829,9619,6448,8795,4342,24426,53611,9730,9748,6534,7499,10350,208985
2016-02-01,1308,9536,24816,15360,6820,9604,6441,8789,4330,24404,53331,9715,10031,6519,7494,10300,208798
2016-02-02,1303,9530,24763,15232,6682,9591,6435,8780,4323,24357,53606,9714,9994,6513,7486,10211,208520
2016-02-03,1303,9529,24812,15703,6713,9581,6430,8775,4315,24322,53039,9696,9990,6505,7613,10189,208515
2016-02-04,1279,9524,24801,15691,6709,9574,6462,8775,4304,24250,52995,9692,9999,6497,7600,10079,208231
2016-02-05,1242,9523,24788,15242,6700,9567,6441,8777,4282,24247,52911,9686,9969,6496,7594,10061,207526
2016-02-06,1242,9522,24796,15242,7177,9567,6443,8777,4281,24240,52926,9685,9962,6490,7592,10065,208007
2016-02-07,1242,9522,24800,15242,7181,9569,6444,8777,4280,24242,52926,9685,9962,6490,7592,10065,208019
2016-02-08,1242,9522,24800,15242,7180,9569,6444,8777,4281,24242,52926,9685,9965,6490,7592,10065,208022
2016-02-09,1242,9522,24800,15242,7180,9569,6444,8777,4281,24242,52933,9685,9965,6488,7593,10065,208028
2016-02-10,1242,9522,24800,15242,7180,9569,6444,8777,4281,24242,52932,9685,9965,6488,7593,10065,208027
2016-02-11,1242,9522,24799,15241,7179,9570,6444,8777,4277,24242,52931,9685,9965,6488,7591,10065,208018
2016-02-12,1242,9521,24799,15241,7178,9570,6442,8777,4272,24242,52930,9683,9965,6486,7591,10065,208004
2016-02-13,1241,9521,24796,15244,7177,9570,6440,8777,4275,24242,52926,9682,9963,6485,7587,10064,207990
2016-02-14,1240,9521,24790,15241,7170,9569,6436,8777,4273,24282,52913,9680,9961,6479,7586,10055,207973
2016-02-15,1240,9520,24768,15235,7167,9568,6427,8774,4265,24236,52884,9675,9959,6470,7506,10038,207732
2016-02-16,1239,9517,24751,15230,7163,9562,6422,8772,4262,24218,52857,9669,9952,6462,7497,10024,207597
2016-02-17,1239,9514,24756,15215,7154,9549,6417,8759,4253,24170,52822,9664,9947,6458,7488,10008,207413
2016-02-18,1239,9513,24754,15203,7161,9539,6408,8757,4240,24116,52863,9658,9938,6449,7480,9993,207311
2016-02-19,1239,9511,24719,15126,7159,9529,6404,8748,4232,24065,52833,10039,9932,6439,7473,9963,207411
2016-02-20,1237,9509,24690,15109,7149,9514,6402,8742,4229,23999,52771,10032,9930,6434,7471,9958,207176
2016-02-21,1235,9507,24678,15102,7147,9504,6397,8739,4220,23940,52723,10031,9925,6417,7460,9957,206982
2016-02-22,1233,9503,24647,15079,7131,9482,6631,8739,4204,23918,52629,10689,9917,6402,7450,9930,207584
2016-02-23,1227,9498,24602,15067,7111,9458,6627,8731,4194,23857,52515,10682,9910,6348,7444,9911,207182
2016-02-24,1226,9491,25310,15051,7252,9448,6621,8816,4182,23790,52393,10672,9893,6342,7458,9887,207832
2016-02-25,1221,9486,25257,15026,7232,9418,6615,8928,4173,23756,52278,10662,9877,6331,7444,9867,207571
2016-02-26,1231,9480,25194,14994,7208,9386,6597,8929,4207,23782,52129,9809,9864,6327,7430,9844,206411
2016-02-27,1226,9468,25121,14947,7183,9360,6587,8892,4183,23633,51954,9789,9847,6320,7424,9837,205771
2016-02-28,1222,9466,25033,14885,7157,9325,6575,8865,4168,23472,51799,9773,9832,6319,7416,9829,205136
2016-02-29,1219,9457,24750,14808,7122,9284,6556,8833,4153,23304,51614,9745,9808,6305,7400,9797,204155
2016-03-01,1217,9454,24653,14784,7101,9255,6551,8815,4146,23200,51490,9729,9796,6295,7388,9761,203635
2016-03-02,1214,9448,24537,14755,7080,9233,6540,8793,4136,23200,50749,9707,9812,6286,7724,9737,202951
2016-03-03,1210,9464,24691,14803,7106,9220,6520,8771,4115,23093,50528,9680,9803,6277,7716,9712,202709
2016-03-04,1205,9441,24836,14735,7055,9168,6504,8754,4107,23249,50747,9660,9784,6266,7709,9709,202929
2016-03-05,1197,9430,24690,14628,7018,9141,6486,8748,4087,23102,50520,9640,9782,6262,7703,9697,202131
2016-03-06,1193,9411,24604,14565,6988,9114,6474,8729,4081,23005,50311,9629,9777,6257,7701,9681,201520
2016-03-07,1183,9349,24488,14501,6949,9055,6460,8716,4067,22863,50034,9607,9761,6244,7664,9650,200591
2016-03-08,1181,9323,24391,14455,6932,9012,6448,8694,4055,22766,50227,9579,9750,6246,7633,9610,200302
2016-03-09,1202,9304,24317,14406,7476,8971,6415,8673,4039,22649,49942,9557,9741,6238,7603,9576,200109
2016-03-10,1199,9282,24531,13286,7430,8938,6390,8640,4029,22636,49558,9519,9724,6222,7574,9546,198504
2016-03-11,1205,9162,24386,13207,7385,8886,6415,8627,4017,22976,49937,9485,9693,6207,7550,9507,198645
2016-03-12,1197,9150,24240,13155,7315,8837,6394,8602,3998,22787,49578,9456,9680,6183,7542,9487,197601
2016-03-13,1196,9140,24119,13257,7278,8803,6375,8601,3992,22644,49278,9437,9670,6241,7529,9472,197032
2016-03-14,1189,8909,23996,13235,7259,8754,6340,8677,3985,22540,49051,9398,9663,6231,7512,9651,196390
2016-03-15,1183,8873,23868,13180,7232,8704,6310,8641,3970,22325,48882,9744,9645,6204,7499,9597,195857
2016-03-16,1180,8859,23754,13130,7321,8670,6298,8623,3960,22623,48730,9755,9630,6188,7485,9567,195773
2016-03-17,1173,8845,23657,13057,7272,8638,6285,8625,3953,22537,49050,9743,9631,6178,7473,9542,195659
2016-03-18,1161,8779,24588,12954,7248,8564,6266,8600,3762,22469,49785,9730,9649,6162,7465,9484,196666
2016-03-19,1154,8765,24451,12885,7250,8500,6239,8579,3751,22307,49451,9702,9645,6149,7448,9457,195733
2016-03-20,1148,8762,24406,12846,7223,8478,6231,8569,3747,22193,49297,9695,9642,6146,7439,9438,195260
2016-03-21,1140,8736,24311,12774,7189,8421,6205,8565,3742,22082,49040,9676,9639,6330,7420,9357,194627
2016-03-22,1135,8702,24088,12666,7727,8365,6175,8541,3738,22069,48778,9658,9622,6318,7409,9560,194551
2016-03-23,1130,8677,24018,12604,7690,8311,6136,8524,3732,21974,48380,9630,9624,6304,7401,9516,193651
2016-03-24,1127,8650,23922,12556,7654,8212,6116,8275,3727,22128,48237,9616,9610,6320,7386,9489,193025
2016-03-25,1119,8622,24043,12497,7583,8160,6093,8208,4318,22241,48975,9585,9587,6303,7370,9488,194192
2016-03-26,1112,8610,23917,12404,7540,8102,6068,8195,4310,22089,48726,9529,9588,6298,7363,9470,193321
2016-03-27,1109,8601,23843,12348,7508,8071,6044,8183,4302,21950,48506,9483,9583,6294,7349,9460,192634
2016-03-28,1096,8570,23707,12281,7506,8016,6017,8153,4288,22618,48460,9399,9570,6330,7242,9460,192713
2016-03-29,1090,8556,23607,12202,9781,7972,6000,8128,4278,22501,48199,9380,9565,6307,7226,9426,194218
2016-03-30,1078,8510,23435,12087,9686,7851,5976,8109,4264,22310,47810,8934,9560,6291,7301,9268,192470
2016-03-31,1096,8470,23494,11870,9602,7755,6631,8106,4251,22138,47444,8911,9548,6272,7293,9148,192029
2016-04-01,1095,8424,23385,11792,9580,7896,6622,8132,4245,22110,49730,8886,9540,6261,7286,9152,194136
2016-04-02,1093,8406,23303,11749,9565,7871,6615,8085,4234,21867,49467,8884,9541,6256,7278,9144,193358
2016-04-03,1092,8393,23309,11743,9558,7854,6613,8062,4225,21797,49335,8875,9538,6252,7272,9142,193060
2016-04-04,1092,8390,23276,11789,9550,8025,6610,8053,4220,21763,49266,8866,9540,6244,7264,9136,193084
2016-04-05,1088,8355,23207,11738,7220,8000,6636,8002,4213,21715,50183,8811,9548,6191,7248,9116,191271
2016-04-06,1079,8332,23070,11691,7199,7971,6611,7954,4207,21887,49956,8804,9528,6177,7237,9084,190787
2016-04-07,1070,8293,23331,11854,7178,7942,6596,7920,4194,21810,50188,8798,9521,6161,7223,9070,191149
2016-04-08,1062,8258,23255,11971,7148,7905,6557,7860,4275,22658,50021,8798,9510,6153,7214,9273,191918
2016-04-09,1054,8238,23138,11927,7124,7874,6536,7835,4265,22570,49809,8783,9505,6144,7208,9268,191278
2016-04-10,1050,8228,23059,11882,7099,7847,6519,7824,4502,22479,49644,8764,9502,6136,7205,9260,191000
2016-04-11,1046,8193,23007,12360,7211,7816,6499,8756,4493,22380,49485,8740,9496,6128,7266,9221,192097
2016-04-12,1044,8172,21874,12305,7197,8259,6485,8742,4489,22334,49360,8721,9483,6117,7257,9149,190988
2016-04-13,1041,8150,22836,12278,7171,8246,6447,8816,4471,22268,49244,8702,9470,6105,7246,9144,191635
2016-04-14,1037,8127,21605,12228,7149,8354,6425,8866,4457,22139,49016,8696,9459,6091,7358,9089,190096
2016-04-15,1032,8099,21476,12183,7122,8326,6389,8864,4429,22210,51260,8339,9448,6077,7346,9022,191622
2016-04-16,1030,8081,21727,12159,7099,8292,6368,8848,4404,22105,51018,8327,9434,6069,7334,8999,191294
2016-04-17,1027,8068,21663,12128,7084,8281,6362,8833,4383,22011,51063,8314,9424,6063,7329,8978,191011
2016-04-18,1018,8044,21598,12084,7064,8237,6344,8793,4363,22226,50811,8290,9450,6055,7280,8924,190581
2016-04-19,1013,8030,21499,12068,7052,8217,6328,8761,4350,22750,51967,8266,9441,6047,7232,9171,192192
2016-04-20,1140,8007,21428,12039,7036,8251,6330,8729,4331,22660,51741,8243,9434,6040,7193,9223,191825
2016-04-21,1138,7987,21480,12017,7014,8173,6315,8707,4320,22587,51661,8225,9426,6025,7142,9578,191795
2016-04-22,1131,7943,22204,11961,7029,8088,6294,8693,4311,22444,52553,8206,9424,6012,7125,9621,193039
2016-04-23,1125,7933,22115,11903,6991,8053,6271,8667,4304,22272,52347,8183,9422,6006,7115,9606,192313
2016-04-24,1152,7932,22032,11849,6970,8005,6255,8645,4289,22096,52157,8169,9414,5996,7113,9589,191663
2016-04-25,1208,7911,23047,11882,7015,7998,6226,8626,4261,21943,51925,8553,9414,5979,7110,9503,192601
2016-04-26,1110,7895,22969,12244,7135,7930,6210,8613,4242,21835,51827,8524,9401,5979,7188,9518,192620
2016-04-27,1102,7866,23050,12190,6886,7872,6185,8596,4230,21833,52078,8480,9387,5969,7164,9433,192321
2016-04-28,1096,7851,22973,12124,6734,7827,6415,8683,4203,22746,51786,8478,9370,5958,7143,9314,192701
2016-04-29,1086,7826,23318,12040,6695,7748,6381,8665,4179,23575,52469,8504,9367,6021,7138,9190,194202
2016-04-30,1076,7817,23084,11925,6676,7705,6357,8638,4154,23325,52182,8438,9349,6020,7145,9092,192983
2016-05-01,1075,7814,22965,11916,6672,7696,6353,8625,4144,23281,52105,8419,9345,6016,7137,9091,192654
2016-05-02,1072,7808,22899,11900,6671,7685,6346,8617,4139,23247,52039,8402,9332,6008,7129,9090,192384
2016-05-03,1294,7805,22976,11985,6672,7682,6440,8597,4130,23185,51935,8380,9333,6000,7119,9072,192605
2016-05-04,1288,7793,22858,11961,6616,7660,6431,8568,4120,23162,51772,8380,9321,5996,7111,9192,192229
2016-05-05,1285,7786,22790,11928,6605,7644,6424,8555,4109,23353,52400,8385,9307,5990,7103,9165,192829
2016-05-06,1283,7774,22798,11894,6593,7615,6411,8535,4097,23359,52200,8366,9283,6025,7093,9091,192417
2016-05-07,1283,7767,22727,11837,6578,7593,6401,8523,4087,23315,51972,8348,9278,6022,7078,9079,191888
2016-05-08,1282,7760,22689,11820,6563,7576,6388,8510,4078,23156,51780,8318,9277,6017,7072,9071,191357
2016-05-09,1277,7747,22642,11784,6563,7547,6379,8483,4104,23062,51545,8358,9268,6011,7064,9010,190844
2016-05-10,1272,7730,22579,11790,6552,7531,6369,8470,4097,22968,51345,8320,9382,6003,7308,8920,190636
2016-05-11,1255,7715,22517,11766,6536,7515,6358,8457,4086,22913,51467,8305,9377,5995,7296,8878,190436
2016-05-12,1255,7705,22465,11739,6515,7504,6346,8407,4178,22856,51334,8282,9366,5932,7281,8822,189987
2016-05-13,1248,7688,23357,11706,6494,7727,6322,8390,4146,22993,52229,8295,9357,5921,7269,8767,191909
2016-05-14,1243,7680,23242,11591,6478,7716,6263,8361,4121,22812,52057,8286,9347,5913,7255,8750,191115
2016-05-15,1240,7677,23106,11565,6459,7716,6231,8338,4105,22660,51861,8260,9337,5911,7247,8739,190452
2016-05-16,1236,7661,22960,11629,6480,7677,6198,8323,4087,22719,51668,8219,9715,5898,7235,8707,190412
2016-05-17,1232,7653,22776,11602,6466,7642,6186,8320,4069,22912,52913,8186,9710,5884,7266,8678,191495
2016-05-18,1225,7645,22701,11561,6446,7628,6172,8295,4051,22875,52424,8397,9703,5869,7247,8664,190903
2016-05-19,1223,7630,22645,11518,6420,7593,6173,8278,4035,22995,52205,8489,9736,5852,7239,8642,190673
2016-05-20,1221,7614,22548,11467,6416,7552,6145,8565,4088,22898,52377,8453,9728,5834,7241,8584,190731
2016-05-21,1217,7605,22460,11429,6375,7535,6116,8549,4078,22796,52019,8423,9720,5827,7225,8580,189954
2016-05-22,1212,7588,22418,11389,6351,7507,6090,8534,4073,22699,51760,8415,9709,5816,7219,8577,189357
2016-05-23,1210,7568,22325,11672,6348,7484,6074,8522,4053,22116,52143,8410,9705,5808,7210,8615,189263
2016-05-24,1205,7551,22342,11615,6471,7466,6060,8521,4578,22015,51882,8384,9690,5794,7204,8586,189364
2016-05-25,1204,7541,22233,11761,6481,7421,6038,8472,4997,21919,51619,8370,9669,5770,7191,8562,189248
2016-05-26,1203,7598,22073,11730,6465,7399,6028,8455,4972,21817,51475,8364,9653,5754,7172,8563,188721
2016-05-27,1201,7588,21899,12121,6433,7368,6002,8426,4941,21843,51336,8348,9684,5760,7154,8533,188637
2016-05-28,1197,7573,21731,12050,6396,7330,5980,8392,4889,21664,51096,8349,9676,5751,7139,8526,187739
2016-05-29,1200,7561,21624,12014,6401,7301,5957,8383,4840,21531,50860,8349,9712,5754,7134,8486,187107
2016-05-30,1193,7542,21490,11959,6387,7309,5941,8345,4827,21374,50642,8349,9702,5732,7124,8450,186366
2016-05-31,1186,7517,21364,11876,6357,7257,5920,8300,4808,21135,50522,8289,9684,5718,7111,8437,185481
2016-06-01,1188,7500,21295,11859,6354,7857,5917,8290,4799,21600,50417,8278,9679,5704,7103,8410,186250
2016-06-02,1185,7456,21255,11850,6351,7831,5910,8297,4788,21841,50755,8297,9665,5689,7094,8381,186645
2016-06-03,1178,7396,21169,11828,6344,7800,5897,8297,4772,21838,50736,8282,9652,5681,7101,8370,186341
2016-06-04,1177,7392,21118,11796,6341,7783,5881,8290,4720,21709,50577,8281,9647,5677,7108,8368,185865
2016-06-05,1175,7390,21069,11770,6362,7761,5861,8277,4694,21639,50474,8272,9643,5670,7100,8359,185516
2016-06-06,1168,7373,21199,11749,6352,7746,5839,8273,4660,21453,50366,8264,9835,5641,7081,8399,185398
2016-06-07,1165,7365,21148,11722,6347,7711,5828,8246,4675,21417,51535,8249,9818,5638,7084,8379,186327
2016-06-08,1162,7354,21420,11602,6327,7699,5814,8232,4624,21632,49834,8250,10549,5628,7069,8358,185554
2016-06-09,1159,7348,21382,11528,6318,7690,5807,8228,4522,21546,49680,8239,10527,5624,7065,8347,185010
2016-06-10,1155,7339,21341,11484,6315,7667,5794,8222,4463,21449,49526,8232,10513,5618,7054,8344,184516
2016-06-11,1150,7337,21296,11427,6302,7659,5778,8219,4443,21350,49508,8223,10495,5611,7050,8339,184187
2016-06-12,1149,7327,21521,11378,6286,7664,5768,8218,4404,21321,50243,8218,10455,5598,7038,8319,184907
2016-06-13,1142,7317,21425,11346,6248,8342,5747,8203,4416,21492,50810,8182,10422,5581,7019,8309,186001
2016-06-14,1138,7311,21325,11313,6203,8317,5732,8196,4372,21429,50644,8199,10393,5564,7121,8277,185534
2016-06-15,1129,7301,21242,11263,6218,8284,5723,8167,4310,21372,50497,8179,10372,5553,7078,8249,184937
2016-06-16,1125,7286,21187,11219,6084,8307,5712,8146,4273,21220,50182,8310,10342,5547,7071,8244,184255
2016-06-17,1121,7267,22197,11113,6158,8278,5703,8128,4466,21596,49902,8300,10242,5532,7059,8239,185301
2016-06-18,1116,7263,22087,11073,6131,8235,5695,8106,4439,21462,49573,8272,10231,5543,7053,8221,184500
2016-06-19,1112,7250,22020,11044,6114,8203,5682,8092,4429,21370,49320,8253,10222,5537,7045,8213,183906
2016-06-20,1114,7243,21751,11181,6109,8087,5657,8077,4433,21371,49443,8325,10207,5520,7283,8177,183978
2016-06-21,1121,7227,21684,11136,6289,8003,5647,8077,4411,21385,47930,8287,10178,5504,7275,8157,182311
2016-06-22,1115,7218,21612,11113,6279,8080,5640,8137,4376,21227,48483,8218,10158,5482,7253,8124,182515
2016-06-23,1113,7281,20749,11250,6209,8084,5623,8122,4356,21302,48501,8079,10155,5453,7237,8103,181617
2016-06-24,1112,7264,20580,11217,6093,7930,5606,8094,4296,21506,48273,7981,10112,5438,7228,8064,180794
2016-06-25,1104,7253,20366,11172,6035,7895,5590,8073,4263,21354,47921,7919,10093,5426,7220,8053,179737
2016-06-26,1099,7248,20214,11138,6016,7870,5570,8048,4252,21241,47609,7909,10085,5411,7207,8047,178964
2016-06-27,1097,7223,20104,11178,5995,7834,5558,8001,4225,21183,47975,8228,10061,5399,7186,8033,179280
2016-06-28,1095,7185,20110,11141,5970,7800,5536,7952,4255,21048,47691,8257,10041,5433,7173,8016,178703
2016-06-29,1091,7164,19983,11052,6144,7727,5514,7908,4429,20881,47347,8264,10006,5412,7158,7988,178068
2016-06-30,1081,7137,19549,10881,6064,7652,5489,7877,4375,20748,46953,8212,9978,5388,7324,7961,176669
2016-07-01,1080,7134,19496,10814,6060,7585,5483,7866,4356,20674,47980,8147,9952,5380,7306,7936,177249
2016-07-02,1077,7133,19439,10785,6056,7461,5473,7853,4330,20644,47814,8089,9943,5373,7298,7932,176700
2016-07-03,1075,7125,19377,10758,6049,7292,5467,7828,4310,20587,47652,8038,9931,5368,7286,7930,176073
2016-07-04,1072,7114,19315,10728,6018,7805,5465,7907,4287,20520,47471,8012,9915,5363,7267,7913,176172
2016-07-05,1068,7107,19261,10703,5990,7764,5461,7906,4275,20464,47691,7979,10120,5356,7250,7897,176292
2016-07-06,1067,7098,19239,10668,5937,7692,5451,7888,4259,20386,46988,7947,10122,5347,7238,7875,175202
2016-07-07,1059,7090,19158,11165,5870,7636,5445,7884,4249,20306,46868,7945,10115,5340,7224,8260,175614
2016-07-08,1063,7080,19124,11237,5868,7605,5442,7872,4241,20412,46779,7924,10103,5332,7215,8238,175535
2016-07-09,1063,7067,19033,11193,5828,7535,5433,7859,4156,20201,46360,7902,10097,5326,7206,8233,174492
2016-07-10,1060,7059,19025,11154,5807,7506,5419,7846,4097,20044,46173,7879,10091,5325,7199,8231,173915
2016-07-11,1055,7044,18896,11134,5774,7915,5413,7829,4062,19980,45982,7859,10083,5309,7183,8213,173731
2016-07-12,1052,7037,18831,11109,5756,7893,5407,7459,4226,20385,45775,7852,10070,5301,7170,8218,173541
2016-07-13,1052,7036,19092,11097,5727,7869,5391,6512,4192,20313,46123,7825,10053,5421,7159,8330,173192
2016-07-14,1050,7033,19099,11071,5707,7835,5778,6548,4285,20780,47226,8012,10040,5413,7146,8312,175335
2016-07-15,1041,7003,18932,11014,5696,7815,5768,6531,4509,21054,47083,7998,10128,5407,7141,8296,175416
2016-07-16,1025,6950,18632,10946,5621,7744,5723,6449,4543,20741,46039,7852,10154,5367,7095,8220,173101
2016-07-17,1027,6963,18682,10942,5635,7755,5730,6469,4471,20820,46245,7871,10163,5381,7111,8243,173508
2016-07-18,1027,6963,18677,10941,5635,7755,5730,6468,4471,20818,46245,7871,10162,5381,7111,8241,173496
2016-07-19,1025,6950,18624,10945,5620,7742,5723,6448,4526,20714,46043,7846,10154,5370,7096,8221,173047
2016-07-20,1021,6929,18566,11234,5593,7747,5714,6442,4530,20744,45821,7845,10138,5412,7083,8203,173022
2016-07-21,1018,6917,18501,11206,5599,7678,5795,6430,4508,21024,46683,7826,10129,5403,7075,7991,173783
2016-07-22,1037,6905,19138,11607,5576,7639,5777,7280,4504,21585,47322,7806,10119,5396,7066,8193,176950
2016-07-23,1034,6897,19059,11566,5550,7594,5764,7265,4493,21462,46984,7782,10109,5389,7060,8179,176187
2016-07-24,1033,6887,19029,11534,5536,7569,5738,7250,4452,21376,46748,7761,10102,5386,7059,8173,175633
2016-07-25,1032,6872,18382,11511,5525,7527,5712,7225,4427,21380,46579,7745,10087,5377,7051,8140,174572
2016-07-26,1029,6862,18310,11490,5501,7485,5630,7207,4386,21315,45531,7730,10068,5370,7040,8124,173078
2016-07-27,1023,6853,18206,11448,5491,7439,5569,7192,4365,21225,45214,7767,10055,5379,7090,8065,172381
2016-07-28,1021,6836,18092,11624,5467,7345,5481,7154,4473,21122,45126,7746,10033,5374,7090,8022,172006
2016-07-29,1016,6803,19192,11562,5450,7270,5689,7140,4456,21079,45195,7734,10019,5364,7090,8003,173062
2016-07-30,1016,6792,19096,11480,5421,7231,5635,7100,4427,20950,44900,7723,10010,5360,7090,7992,172223
2016-07-31,1018,6758,18995,11408,5404,7200,5595,7081,4402,20854,44655,7708,9996,5351,7093,7979,171497
2016-08-01,1015,6757,20199,11640,5394,7169,5559,7076,4396,20887,44994,7711,9968,5340,7013,7967,173085
2016-08-02,1010,6752,20644,11614,5544,7176,5547,7146,4394,20838,44839,7736,9956,5334,7060,7945,173535
2016-08-03,1005,6753,20647,11599,5537,7156,5532,7145,4385,20786,44693,7735,9945,5326,7056,7917,173217
2016-08-04,999,6748,19731,11563,5524,7274,5508,7130,4360,20699,44646,7708,9933,5314,7045,7882,172064
2016-08-05,997,6744,19654,11696,6235,7579,5475,7119,4286,21032,45193,7708,9928,5302,7035,7863,173846
2016-08-06,991,6733,19516,11651,6229,7562,5430,7092,4273,20889,44892,7691,9925,5294,7031,7849,173048
2016-08-07,988,6731,19336,11644,6252,7542,5418,7076,4262,20800,44640,7679,9920,5288,7025,7842,172443
2016-08-08,991,6726,19340,11582,6238,7511,5404,7182,4244,20728,44474,7772,9884,5280,7013,7809,172178
2016-08-09,978,6740,19962,11506,6192,7406,5310,6210,4318,21117,45648,7509,9761,5572,6885,7823,172937
2016-08-10,985,6768,20121,11472,6221,7469,5360,6238,4230,20574,45809,7734,9884,5588,6932,7888,173273
2016-08-11,982,6753,20034,11415,6209,7428,5330,6224,4323,20526,45783,7601,9765,5579,6888,7861,172701
2016-08-12,976,6714,20180,11478,5393,7380,5300,6204,4313,21081,45844,7513,9759,5553,6882,7810,172380
2016-08-13,968,6691,20016,11445,5359,7344,5234,6188,4305,21003,45609,7495,9752,5547,6872,7794,171622
2016-08-14,966,6686,19963,11387,5333,7318,5227,6175,4353,20917,45428,7484,9750,5543,6869,7786,171185
2016-08-15,961,6675,20306,11458,6113,7288,5210,6141,4334,20839,45261,7264,9737,5535,6864,7741,171727
2016-08-16,959,6669,20000,11410,6097,7262,5203,6142,4321,20745,45087,7090,9727,5672,6853,7707,170944
2016-08-17,957,6671,18982,11384,5301,7245,5186,6129,4283,20885,44924,7256,9718,5669,6849,7691,169130
2016-08-18,954,6663,19239,11343,6068,7200,5176,6046,4258,20742,44865,7354,9709,5669,6841,7674,169801
2016-08-19,953,6970,19317,11703,6036,7154,5206,6023,4233,20618,44698,7343,9696,5669,6835,7628,170082
2016-08-20,950,6961,19201,11646,6009,7101,5188,6010,4254,20481,44352,7313,9686,5671,6822,7615,169260
2016-08-21,950,6959,19151,11622,5996,7075,5181,5998,4239,20406,44073,7292,9681,5671,6816,7609,168719
2016-08-22,947,6946,19073,11575,5970,7033,5150,5963,4224,20334,43578,7277,9663,5659,6802,7486,167680
2016-08-23,944,6939,19021,11531,5092,7014,5142,5951,4204,20674,43236,7255,9663,5643,6792,7464,166565
2016-08-24,943,6916,18916,11774,5075,6969,5130,5931,4193,20569,43170,7241,9643,5628,6785,7442,166325
2016-08-25,944,6841,18626,11382,4948,6899,5077,5827,4089,20204,42375,7301,9783,5565,6750,7313,163924
2016-08-26,932,6869,18892,11542,4990,6884,5113,5948,4169,20384,42901,7329,9811,5602,6780,7388,165534
2016-08-27,931,6857,18798,11477,4978,6875,5095,5879,4140,20312,42679,7257,9802,5588,6772,7371,164811
2016-08-28,946,6849,18767,11442,4972,6873,5090,5846,4123,20252,42583,7284,9795,5578,6766,7355,164521
2016-08-29,945,6847,18661,11400,4961,6903,5081,5833,4098,20211,42443,7289,9788,5570,6758,7330,164118
2016-08-30,943,6837,18574,11351,4977,6883,5069,5822,4080,20964,42345,7290,9776,5556,6826,7308,164601
2016-08-31,943,6835,18749,11540,5026,6866,5063,5812,4059,20913,42198,7268,9767,5545,6826,7285,164695
2016-09-01,941,6835,18925,11539,5026,6867,5060,5812,4057,20879,42163,7260,9760,5544,6825,7272,164765
2016-09-02,940,6835,18916,11612,5024,6867,5061,5812,4060,20881,42093,7256,9756,5538,6819,7264,164734
2016-09-03,940,6835,18903,11610,5023,6867,5060,5812,4052,20868,42047,7249,9753,5538,6814,7249,164620
2016-09-04,940,6835,18922,11608,5023,6868,5059,5812,4051,20861,42024,7242,9749,5537,6810,7242,164583
2016-09-05,940,6835,18981,11605,5023,6868,5058,5812,4026,20848,41991,7235,9745,5531,6806,7400,164704
2016-09-06,940,6835,18968,11603,5021,6867,5058,5807,4020,20835,41981,7227,9844,5528,6807,7380,164721
2016-09-07,939,6835,18947,11591,5019,6866,5057,5807,4010,20797,41981,7217,9838,5516,6800,7352,164572
2016-09-08,935,6826,18700,11541,5007,6834,5043,5780,3960,20699,41814,7208,9830,5491,6785,7323,163776
2016-09-09,934,6819,18619,11499,5143,6801,5017,5757,3933,20666,41622,7188,9814,5485,6801,7463,163561
2016-09-10,925,6798,18168,11201,5039,6713,4955,5711,3828,20264,41192,7183,9826,5459,6744,7623,161629
2016-09-11,926,6801,18294,11282,5090,6717,4980,5726,3855,20385,41232,7132,9784,5476,6785,7425,161890
2016-09-12,921,6795,18040,11166,5034,6685,4939,5703,3809,20139,40966,7163,9795,5486,6901,7590,161132
2016-09-13,919,6792,17990,11142,5024,6650,4933,5701,3799,20082,41064,7159,9773,5485,6896,7583,160992
2016-09-14,911,6790,17787,11071,5000,6623,4913,5679,3789,20082,41388,7134,9729,5494,6885,7551,160826
2016-09-15,911,6785,17652,10968,4975,6593,4896,5667,3785,20082,41134,7104,9718,5487,6871,7551,160179
2016-09-16,911,6777,17526,10866,4941,6574,4885,5659,3780,20077,40856,7079,9707,5469,6857,7553,159517
2016-09-17,910,6774,17403,10798,4917,6571,4878,5644,3761,20081,40650,7081,9702,5465,6846,7551,159032
2016-09-18,905,6748,16985,10680,4826,6502,4835,5570,3742,19172,39359,7081,9684,5451,6826,7551,155917
2016-09-19,904,6737,16952,10649,4816,6509,4828,5561,3716,19206,39322,7081,9672,5433,6808,7516,155710
2016-09-20,904,6734,16860,10622,4797,6453,4810,5545,3685,19205,39532,7081,9634,5422,6768,7352,155404
2016-09-21,903,6731,16826,10705,4778,6427,4803,5530,3655,19030,39433,7081,9664,5412,6742,7231,154951
2016-09-22,891,6740,17216,10684,4818,6341,4792,5520,3629,18747,39341,7054,9637,5404,6764,7193,154771
2016-09-23,884,6730,17340,10635,4802,6274,4782,5464,3604,19048,39376,7132,9610,5481,6752,7109,155023
2016-09-24,881,6727,17199,10604,4764,6217,4770,5443,3568,18851,38907,7012,9596,5474,6740,7069,153822
2016-09-25,879,6721,17146,10579,4746,6131,4762,5421,3543,18701,38564,6919,9584,5469,6726,7047,152938
2016-09-26,873,6834,17012,10413,4757,6055,4749,5383,3122,18773,38187,6925,9552,5455,6717,6951,151758
2016-09-27,858,6825,16754,10219,4684,6010,4706,5309,3082,18633,38500,6730,9696,5444,6790,6939,151179
2016-09-28,844,6816,16544,10156,4648,5940,4669,5282,3125,18290,37991,6863,9665,5430,7032,6824,150119
2016-09-29,836,6813,16298,10011,4615,5839,4635,5241,3072,18574,38118,6829,9625,5411,7016,6734,149667
2016-09-30,842,6778,16028,9924,4660,5876,4566,5186,3210,18336,39219,6896,9573,5389,6994,6616,150093
2016-10-01,842,6775,15980,9907,4650,5846,4558,5179,3185,18262,38958,6839,9554,5385,6986,6593,149499
2016-10-02,839,6772,15919,9900,4644,5839,4558,5174,3168,18211,38811,6819,9531,5381,6981,6582,149129
2016-10-03,837,6773,15901,9892,4641,5825,4556,5166,3131,18172,38709,6773,9520,5375,6971,6568,148810
2016-10-04,835,6771,15881,9883,4631,5817,4555,5162,3121,18144,38603,6738,9502,5367,6962,6551,148523
2016-10-05,833,6771,15850,9875,4631,5807,4553,5154,3096,18118,38528,6703,9491,5364,6956,6531,148261
2016-10-06,833,6770,15823,9863,4625,5795,4551,5146,3082,18095,38453,6681,9481,5358,6951,6517,148024
2016-10-07,831,6767,15796,9852,4621,5788,4544,5142,3064,18067,38362,6640,9464,5352,6934,6509,147733
2016-10-08,813,6805,16270,9840,4616,5769,4648,5112,3036,17975,38137,6629,9435,5338,6909,6425,147757
2016-10-09,807,6790,16466,9783,4590,5755,4623,5089,3243,17681,37196,6538,9394,5325,6879,6328,146487
2016-10-10,824,6783,16184,9659,4535,5709,4591,5049,3213,17799,37061,6561,9360,5316,6851,6016,145511
2016-10-11,779,6760,16110,9633,4530,5669,4616,5051,3190,17748,36790,6545,9333,5311,7262,5969,145296
2016-10-12,777,6751,16231,9624,4504,5625,4619,5038,3093,17657,36932,6628,9307,5301,7227,5906,145220
2016-10-13,775,6749,16163,9708,4485,5572,4610,5046,3032,17580,37677,6712,9289,5293,7199,5892,145782
2016-10-14,778,6730,16083,9671,5619,5523,4606,5012,3000,17595,37357,6692,9249,5288,7147,5838,146188
2016-10-15,777,6723,15934,9642,5601,5488,4600,4993,2932,17463,37102,6618,9219,5284,7094,5808,145278
2016-10-16,776,6719,15852,9608,5597,5453,4594,4984,2886,17405,36906,6579,9194,5275,7074,5790,144692
2016-10-17,814,6714,15778,9565,5619,5431,4588,5669,2866,17333,36719,6534,9173,5262,7045,5759,144869
2016-10-18,788,6705,15726,9619,5576,5404,4604,5663,2831,17261,36701,6567,9136,5243,7029,5707,144560
2016-10-19,787,6700,15991,9608,5572,5383,4593,5631,2791,17175,37137,6527,9854,5236,7015,5706,145706
2016-10-20,785,5229,16264,9575,5567,5365,4582,5594,2740,17163,36968,6512,9820,5224,6985,5680,144053
2016-10-21,768,5221,16260,9565,5553,5333,4560,5562,2995,17089,37406,6453,9769,5214,6995,5647,144390
2016-10-22,767,5216,16233,9551,5541,5315,4551,5520,2999,17034,37328,6397,9752,5209,6984,5630,144027
2016-10-23,764,5259,16185,9547,5531,5295,4544,5476,2991,16988,37252,6362,9730,5200,6970,5624,143718
2016-10-24,762,5255,16207,9534,5513,5286,4686,5476,2983,16969,37802,6329,9700,5188,6942,5587,144219
2016-10-25,759,6713,16101,9515,5513,5223,4675,5436,2976,17016,37647,6313,9659,4823,6927,5516,144812
2016-10-26,754,6696,16005,9506,5500,5204,4975,5397,2969,16963,37503,6549,9622,4838,6910,5447,144838
2016-10-27,752,6686,15927,9489,5484,5175,4964,5937,2957,16909,37296,6617,9587,4869,6888,5389,144926
2016-10-28,702,6669,15825,9471,5456,5141,4943,5904,2929,16850,37166,6561,9550,4856,6863,5400,144286
2016-10-29,698,6662,15749,9449,5451,5120,4936,5866,2904,16831,36865,6500,9536,4844,6843,5357,143611
2016-10-30,694,6658,15679,9434,5439,5104,4936,5804,2867,16789,36766,6456,9504,4829,6826,5291,143076
2016-10-31,694,6648,15616,9404,5427,5064,4923,5772,2851,16711,36552,6408,9465,4805,6808,5200,142348
2016-11-01,690,5178,15566,9633,5420,5053,4908,5760,2838,16642,37254,6426,9447,4794,6787,5169,141565
2016-11-02,689,5174,16156,9616,5412,5047,4905,5745,3000,16615,37510,6417,9431,4782,6764,5155,142418
2016-11-03,687,5167,16042,9811,5405,5025,5483,5733,2956,16628,37429,6395,9410,4770,6760,5151,142852
2016-11-04,691,5165,15934,9787,5383,5009,5452,6050,2906,16569,38159,6358,9387,4758,6744,5142,143494
2016-11-05,699,5159,15892,9776,5382,5000,5410,5954,2848,16499,38081,6285,9375,4755,6733,5128,142976
2016-11-06,699,5153,15877,9776,5342,4995,5384,5923,2812,16466,38026,6243,9365,4748,6725,5119,142653
2016-11-07,698,5156,15836,9768,5578,5176,5345,5894,2810,16443,37968,6196,9347,4735,6866,5084,142900
2016-11-08,698,5151,15804,9738,5514,5158,5370,5859,2801,16423,38078,6176,9321,4719,6833,5061,142704
2016-11-09,697,5150,15775,9725,5469,5145,5362,5968,2793,16649,38031,6155,9301,4707,6806,5043,142776
2016-11-10,693,5148,15833,9721,5464,5118,5350,5926,2789,16591,37774,6111,9270,4697,6778,5209,142472
2016-11-11,689,5673,15814,9724,5466,5104,5374,5947,2782,16557,37722,6099,9234,4686,6752,5232,142855
2016-11-12,689,5650,15794,9719,5427,5104,5372,5863,2779,16538,37669,6063,9227,4677,6740,5201,142512
2016-11-13,689,5628,15778,9717,5401,5097,5366,5796,2769,16515,37611,6015,9190,4671,6734,5200,142177
2016-11-14,688,5602,15892,9703,5195,5086,5349,5743,2763,16848,37598,6068,9172,4666,6815,5185,142373
2016-11-15,685,5556,15864,9698,5161,5074,5305,5680,2724,16856,37533,6152,9150,4655,6797,5167,142057
2016-11-16,688,5476,15848,9672,5149,5066,5243,5657,2665,16852,37479,6134,9135,4640,6791,5147,141642
2016-11-17,686,5428,16308,9667,5300,5108,5204,5673,2617,16821,37398,6086,9121,4647,6769,5128,141961
2016-11-18,682,5365,16313,9665,5288,5090,5165,5747,2606,16303,38129,6089,9110,4639,6751,5096,142038
2016-11-19,682,5325,16299,9669,5255,5080,5122,5732,2589,16301,38040,6067,9107,4643,6739,5089,141739
2016-11-20,681,5262,16283,9652,5245,5072,5103,5696,2583,16291,39017,6032,9089,4636,6736,5084,142462
2016-11-21,677,5241,16259,9645,5266,5667,5070,5662,2570,16540,38943,5864,9065,4643,6803,5054,142969
2016-11-22,672,5236,16151,9637,5067,5682,5029,5635,2567,16651,38757,5806,9036,4636,6794,5022,142378
2016-11-23,671,5223,16219,9625,4921,5682,4994,5623,2560,16656,39091,5778,8993,4643,6783,4993,142455
2016-11-24,668,5211,16182,9792,4891,5670,4953,5587,2549,16643,39041,5699,9185,4630,6771,4981,142453
2016-11-25,666,5174,16240,10139,4890,5657,4906,5552,2544,16699,39024,5753,9173,4626,6758,4970,142771
2016-11-26,664,5164,16198,10126,4937,5650,4855,5505,2535,16710,38933,5742,9166,4620,6732,4965,142502
2016-11-27,663,5159,16166,10211,4928,5645,4811,5490,2527,16676,38856,5749,9158,4618,6728,4959,142344
2016-11-28,663,5142,16132,10189,4948,5631,4795,5404,2520,17247,38748,5728,9144,4669,6713,4944,142617
2016-11-29,660,5125,16079,10185,4913,5617,4787,5289,2515,17198,38661,5706,9126,4659,6697,4924,142141
2016-11-30,650,5111,16010,10145,4884,5606,4748,5209,2452,17140,38699,5678,9099,4640,6679,4903,141653
2016-12-01,650,5104,15968,10186,5010,5603,4745,5176,2446,17511,37059,5659,9086,4621,6685,4881,140390
2016-12-02,649,5080,15953,10133,4976,5874,4740,5158,2412,17414,37596,5640,9073,4614,6672,4864,140848
2016-12-03,649,5077,15941,10107,4967,5869,4739,5125,2384,17402,37524,5615,9062,4603,6670,4830,140564
2016-12-04,649,5076,16009,10094,4955,5863,4739,5106,2318,17367,37483,5591,9055,4599,6665,4805,140374
2016-12-05,649,5071,16053,10114,4932,5846,4733,5084,2242,17254,37662,5689,9037,4588,6649,4799,140402
2016-12-06,648,5061,16387,10099,4928,5832,4715,5058,2164,17260,37627,5536,9158,4583,6636,4838,140530
2016-12-07,644,5082,16360,10836,4888,5826,4710,5044,2127,17208,37904,5507,9147,4575,6627,4815,141300
2016-12-08,644,5079,16352,10931,4871,5820,4714,5030,2062,17544,38813,5511,9130,4563,6618,4790,142472
2016-12-09,642,5080,16321,11019,4777,5809,4709,5007,2000,17520,38791,5519,9116,4526,6606,5467,142909
2016-12-10,641,5079,16279,11006,4759,5793,4706,4968,1983,17496,38715,5514,9112,4515,6594,5445,142605
2016-12-11,641,5077,16245,10996,4774,5765,4704,4952,1969,17485,38424,5506,9099,4510,6587,5422,142156
2016-12-12,641,5073,16484,11058,4705,5750,4698,4904,1934,17469,38320,5533,9083,4502,6579,5368,142101
2016-12-13,640,5067,16432,11099,4617,5739,4684,4885,1909,18425,38300,5560,9069,4660,6587,5364,143037
2016-12-14,639,5065,16354,11224,4490,5693,4797,4870,1892,18405,38518,5556,9045,4655,6571,5301,143075
2016-12-15,645,5059,16319,11240,4438,5647,4813,4842,2055,18382,38432,5629,9045,4645,6557,5237,142985
2016-12-16,641,5053,16276,11177,4321,5538,4785,4759,2035,18617,38432,5621,9045,4651,6548,5136,142635
2016-12-17,641,5054,16255,11092,4286,5419,4759,4752,2027,18520,38335,5565,9045,4642,6548,5057,141997
2016-12-18,664,5055,16231,11006,4267,5331,4738,4739,2014,18450,38253,5501,9045,4634,6547,4996,141471
2016-12-19,635,5039,16310,10936,4225,5296,4734,4839,2236,18378,38144,5476,9045,4605,6533,4917,141348
2016-12-20,632,5034,16288,10881,4443,5247,4726,4827,2192,18338,38213,5635,9045,4586,6522,4866,141475
2016-12-21,631,5377,16242,10845,4519,5221,4722,4822,2187,18826,38050,7345,9045,4599,6515,4840,143786
2016-12-22,630,5363,16161,10808,4496,5198,4720,4798,2163,18767,37911,7331,8951,4602,6497,4820,143216
2016-12-23,627,5345,16177,10807,4544,5166,4717,4779,2149,18779,37842,7258,8935,4605,6487,5167,143384
2016-12-24,626,5315,16153,10776,4521,5145,4715,4767,2145,18693,37743,7172,8927,4597,6481,5134,142910
2016-12-25,625,5274,16114,10752,4501,5131,4713,4746,2096,18630,37662,7152,8917,4592,6470,5106,142481
2016-12-26,624,5237,16082,10727,4481,5106,4712,4730,2079,18600,37689,7117,8903,4582,6449,5032,142150
2016-12-27,621,5204,16029,10671,4377,5076,4702,4707,2017,18562,37555,7079,8892,4567,6450,5022,141531
2016-12-28,618,5202,16330,10611,4316,5030,4700,4622,1946,18493,37363,7143,8872,4551,6442,5033,141272
2016-12-29,609,5157,16273,10517,4301,5008,4693,4582,1826,18492,37208,7062,8864,4543,6420,5047,140602
2016-12-30,607,5141,16203,10434,4281,5446,4685,4570,1715,18444,37088,6958,8851,4533,6450,5329,140735
2016-12-31,606,5161,16327,10406,4263,5431,4681,4536,1692,18427,36993,6870,8830,4527,6418,5306,140474
2017-01-01,605,5153,16294,10396,4234,5424,4670,4531,1670,18397,36818,6850,8826,4527,6414,5228,140037
2017-01-02,605,5150,16266,10382,4233,5424,4655,4524,1658,18370,36760,6833,8821,4527,6407,5144,139759
2017-01-03,605,3880,16240,10358,4207,5418,4646,4500,1797,18300,36666,6838,8816,4518,6401,5073,138263
2017-01-04,604,3870,16198,10335,4256,5408,4643,4504,1780,18237,36555,6869,8799,4514,6393,5050,138015
2017-01-05,602,3865,16166,10288,4247,5382,4632,4465,1770,18358,36461,6875,8787,4502,6381,5033,137814
2017-01-06,601,4814,16126,10215,4239,5378,4617,4480,1763,18424,36656,6830,8774,4490,6566,4991,138964
2017-01-07,601,4808,16025,10114,4215,5358,4608,4464,1756,18237,36479,6771,8763,4470,6551,4953,138173
2017-01-08,601,4808,16025,10114,4215,5358,4608,4464,1756,18237,36479,6771,8763,4470,6551,4953,138173
2017-01-09,599,4810,15950,10092,4205,5352,4594,4448,1739,18191,36630,7028,8752,4469,6543,4921,138323
2017-01-10,598,4806,15902,10070,4286,5353,4586,4420,1708,18700,36597,6997,8734,4464,6536,4873,138630
2017-01-11,597,4812,15854,10063,4267,5306,4575,4399,1962,18643,36559,7431,8740,4460,6933,4734,139335
2017-01-12,597,4789,15742,10056,4037,5311,4571,4394,1886,18512,36482,7345,8730,4455,6921,4719,138547
2017-01-13,596,4781,15666,10101,4207,5440,4559,4376,1824,18418,36407,7265,8716,4445,6957,4638,138396
2017-01-14,595,4651,15625,10111,4187,5435,4547,4373,1794,18266,36348,7163,8707,4445,6929,4605,137781
2017-01-15,595,4647,15597,10103,4170,5433,4543,4365,1748,18250,36312,7053,8700,4442,6924,4584,137466
2017-01-16,594,4644,15807,10082,4369,5426,4578,4390,1747,18216,36277,7329,8601,4421,6936,4552,137969
2017-01-17,593,4699,15875,10065,4357,5413,4574,4393,1735,18165,36252,7332,8553,4405,6906,4528,137845
2017-01-18,594,4760,15848,10058,4346,4910,4559,4391,1728,18104,36114,7248,8526,4394,6882,4490,136952
2017-01-19,594,4756,15847,10050,4333,4729,4548,4374,1717,18575,36153,7247,8515,4377,6861,4443,137119
2017-01-20,590,4755,15876,10044,4319,4707,4542,4364,1700,18509,36042,7189,8500,4416,6846,4415,136814
2017-01-21,590,4733,15859,10071,4307,4699,4538,4352,1693,18488,35972,7127,8494,4422,6819,4406,136570
2017-01-22,604,4731,15783,10082,4165,4691,4536,4653,1685,18465,35939,6673,8485,4410,6828,4394,136124
2017-01-23,604,4717,15750,10088,4164,4682,4521,4609,1683,18403,35911,6239,8571,4403,6813,4473,135631
2017-01-24,615,4709,15676,10063,4035,4679,4508,4604,1673,18355,35877,7005,8481,4393,6800,4461,135934
2017-01-25,615,4707,15666,10048,4028,4676,4499,4633,1667,18344,35864,6969,8447,4494,6790,4458,135905
2017-01-26,615,4707,15677,10050,4019,4671,4497,4634,1657,18331,35856,5711,8456,4490,6786,4456,134613
2017-01-27,615,4708,15679,10082,4019,4673,4497,4634,1657,18331,35856,5711,8454,4490,6789,4456,134651
2017-01-28,615,4708,15679,10087,4019,4679,4497,4634,1657,18331,35864,5713,8454,4490,6787,4456,134670
2017-01-29,615,4708,15678,10089,4019,4679,4497,4634,1657,18331,35876,5715,8454,4489,6787,4456,134684
2017-01-30,615,4708,15682,10093,4019,4679,4497,4634,1657,18331,35876,5715,8454,4490,6787,4456,134693
2017-01-31,615,4710,15684,10065,4017,4679,4497,4634,1657,18331,35876,5715,8451,4482,6787,4456,134656
2017-02-01,615,4710,15680,10048,4017,4679,4498,4634,1657,18331,35877,5715,8448,4481,6786,4456,134632
2017-02-02,615,4709,15678,10048,4020,4679,4498,4634,1657,18331,35875,5714,8444,4478,6783,4456,134619
2017-02-03,614,4708,15578,10216,4015,4676,4497,4634,1654,18364,35875,5706,8431,4475,6770,4451,134664
2017-02-04,614,4707,15569,10237,4014,4675,4496,4615,1647,18329,35857,5692,8764,4469,6751,4451,134887
2017-02-05,614,4701,15541,10229,4013,4674,4494,4601,1635,18300,35836,5681,8755,4462,6742,4451,134729
2017-02-06,612,4695,15522,10231,4089,4667,4493,4594,1614,18080,35802,5707,8741,4453,6728,4979,135007
2017-02-07,612,4742,15498,10388,4086,4662,4489,4589,1581,17947,35776,5697,8725,4443,6717,4968,134920
2017-02-08,611,4763,15463,10551,4075,4653,4483,4582,1552,17647,35847,5683,8371,4434,6785,4962,134462
2017-02-09,611,4827,15433,10543,4080,4652,4475,4568,1534,17594,35856,5670,8350,4425,6779,4956,134353
2017-02-10,611,4824,15387,10533,4072,4643,4469,4561,1524,17541,35805,5663,8332,4413,6761,4831,133970
2017-02-11,611,4815,15352,10526,4059,4635,4465,4548,1519,17464,35780,5660,8325,4410,6753,4827,133749
2017-02-12,611,4811,15300,10515,4048,4630,4462,4520,1517,17414,35759,5656,8318,4406,6744,4815,133526
2017-02-13,611,4819,15267,10532,4035,4627,4456,4512,1512,17370,35714,5646,8293,4391,6714,4798,133297
2017-02-14,611,4910,15230,10512,4026,4621,4444,4495,1505,17321,36321,5641,8278,4382,6685,4788,133770
2017-02-15,608,4907,15174,10484,4022,4607,4436,4485,1481,17221,36375,5634,8267,4366,6664,4770,133501
2017-02-16,606,4911,15160,10385,4014,4593,4424,4475,1463,17405,36131,5636,8284,4360,6646,4767,133260
2017-02-17,605,4923,15111,10318,3975,4577,4413,4464,1454,17403,36110,5633,8268,4352,6630,4711,132947
2017-02-18,604,4920,15076,10313,3957,4555,4400,4456,1445,17364,36035,5584,8258,4348,6620,4701,132636
2017-02-19,604,4912,15026,10296,3900,4548,4395,4451,1439,17301,35996,5541,8248,4339,6615,4697,132308
2017-02-20,601,4928,15000,10267,3903,4557,4385,4446,1424,17245,35912,5546,8219,4326,6589,4550,131898
2017-02-21,598,4946,14982,10254,3896,4533,4380,4438,1419,17235,35833,5512,8186,4331,6574,4130,131247
2017-02-22,598,4971,15660,10225,3901,4511,4372,4548,1393,17168,35719,5629,8172,4317,6566,4118,131868
2017-02-23,598,4975,15635,10405,3887,4495,4362,4533,1385,17352,36058,5609,8151,4325,6554,4098,132422
2017-02-24,598,4981,15595,10334,3865,4474,4347,4499,1373,17552,35969,5576,8139,4305,6539,4082,132228
2017-02-25,597,5006,15538,10281,3839,4461,4329,4476,1368,17397,35841,5561,8125,4292,6524,4074,131709
2017-02-26,596,4999,15526,10257,3817,4449,4313,4463,1360,17303,35741,5540,8105,4283,6504,4070,131326
2017-02-27,595,4989,15456,10178,3797,4400,4296,4337,1346,17170,35665,5580,8222,4256,6494,4053,130834
2017-02-28,575,4853,15374,10127,4061,4385,4260,4292,1328,17209,35778,5558,8197,4231,6464,4028,130720
2017-03-01,582,4870,15147,9818,4081,4376,4248,4289,1306,17344,35488,5539,8211,4214,6427,4045,129985
2017-03-02,571,4972,15066,9764,4061,4367,4239,4233,1501,17071,35409,5582,8196,4203,6382,4580,130197
2017-03-03,570,5094,15042,10178,4105,4348,4233,4195,1499,17078,35411,5560,8440,4192,6360,4764,131069
2017-03-04,570,5093,15010,10203,4087,4340,4235,4176,1501,17011,35331,5559,8418,4182,6348,4727,130791
2017-03-05,570,5093,14985,10177,4075,4327,4228,4157,1500,16936,35283,5552,8400,4179,6334,4727,130523
2017-03-06,569,5161,14947,10169,4071,4334,4210,4134,1476,16868,35210,5539,8377,4157,6314,4670,130206
2017-03-07,569,5199,14919,10147,4130,4323,4196,4148,1464,16870,35125,5522,8353,4163,6289,4635,130052
2017-03-08,576,5252,14886,10205,4112,4309,4185,4157,1461,16878,35019,5490,8359,4152,6268,4598,129907
2017-03-09,577,5306,14951,10193,4110,4314,4174,4134,1457,16733,36434,5473,8250,4135,6268,4563,131072
2017-03-10,559,5295,14777,9899,4085,4290,4160,4097,1449,17065,36306,5445,8253,4130,6251,4620,130681
2017-03-11,556,5284,14716,9903,4048,4274,4157,4073,1445,16909,36202,5432,8209,4111,6248,4442,130009
2017-03-12,556,5281,14648,9880,4037,4262,4156,4057,1357,16821,36095,5404,8187,4098,6231,4336,129406
2017-03-13,555,5281,14525,9761,4005,4211,4148,4014,1285,16628,35938,5370,8158,4080,6211,4295,128465
2017-03-14,556,5272,14404,9690,3994,4197,4130,3966,1411,16452,35840,5721,8102,4069,6199,4295,128298
2017-03-15,556,5262,14335,9762,3981,4349,4124,4065,1365,16512,35547,5688,8017,4058,6175,4295,128091
2017-03-16,555,5185,14667,9786,3975,4331,4114,3992,1396,16793,35836,5682,7956,4127,6159,3870,128424
2017-03-17,556,5178,14601,9748,3951,4306,4101,3972,1330,16668,35919,5728,7903,4135,6150,3838,128084
2017-03-18,565,5160,14701,9722,3937,4296,4092,3929,1276,16548,35803,5717,7885,4121,6139,3811,127702
2017-03-19,565,5161,14666,9685,3958,4283,4088,3853,1242,16461,35662,5710,7855,4114,6122,3780,127205
2017-03-20,561,5147,14603,9568,3924,4253,4084,3784,1226,16394,35580,5657,7798,4109,6098,3761,126547
2017-03-21,558,5150,14547,9580,3904,4241,4191,3810,1209,16089,35544,5639,7934,4100,6087,3721,126304
